Bianco,0
Titanio,0
Champagne,0
Inox,0
01_Abete.jpg,1
02_Acero.jpg,1
03_Ciliegio.jpg,1
04_Faggio.jpg,1
05_Noce canaletto.jpg,1
06_Noce medio.jpg,1
07_Noce nazionale.jpg,1
08_Radica.jpg,1
09_Rovere grigio.jpg,1
10_Rovere medio.jpg,1
11_Rovere naturale.jpg,1
12_Rovere scuro.jpg,1
13_Wenge.jpg,1
14_Zebrano.jpg,1
15_Bianco.jpg,1
16_Blu cobalto.jpg,1
17_Nero.jpg,1
18_Rosso.jpg,1
19_Antracite.jpg,1
21_Bianco opaco.jpg,1
22_Blu.jpg,1
23_Bordeaux.jpg,1
24_Cappuccino.jpg,1
25_Corda.jpg,1
26_Grigio.jpg,1
27_Magnolia.jpg,1
29_Senape.jpg,1
30_Testa di moro.jpg,1
32_Lino chiaro.jpg,1
33_Lino scuro.jpg,1
